method,r,p_value,n_models
Pearson,0.8546888654420187,5.3690512254616976e-08,25
Spearman,0.7906728938156801,2.556482923977228e-06,25
Kendall,0.5943311594599088,4.128176305934376e-05,25
