{
  "split": "lodo",
  "feature_set": "tfidf",
  "model": "LightGBM",
  "fold": "sa\u00fade",
  "n_trials_completed": 200,
  "seeds_per_trial": 3,
  "seeds": [
    42,
    43,
    44
  ],
  "best_val_f1": 0.6585365853658537,
  "best_params": {
    "n_estimators": 243,
    "learning_rate": 0.061844388433948155,
    "max_depth": 7,
    "num_leaves": 10,
    "subsample": 0.5230947718128545,
    "colsample_bytree": 0.9803954639232033,
    "reg_alpha": 0.8924397984815877,
    "reg_lambda": 0.26342443086999273
  }
}