{
  "split": "lodo",
  "feature_set": "tfidf",
  "model": "XGBoost",
  "fold": "pol\u00edtica",
  "n_trials_completed": 200,
  "seeds_per_trial": 3,
  "seeds": [
    42,
    43,
    44
  ],
  "best_val_f1": 0.6666666666666666,
  "best_params": {
    "n_estimators": 63,
    "learning_rate": 0.02049706814554136,
    "max_depth": 5,
    "subsample": 0.9999062038398379,
    "colsample_bytree": 0.6887439651342201,
    "reg_alpha": 3.134380670207159,
    "reg_lambda": 5.215646477129605
  }
}