{
  "split": "lodo",
  "feature_set": "bert",
  "model": "XGBoost",
  "fold": "outros",
  "n_trials_completed": 200,
  "seeds_per_trial": 3,
  "seeds": [
    42,
    43,
    44
  ],
  "best_val_f1": 0.7266787949518873,
  "best_params": {
    "n_estimators": 182,
    "learning_rate": 0.03093870284021067,
    "max_depth": 5,
    "subsample": 0.884857400030757,
    "colsample_bytree": 0.7536173692429535,
    "reg_alpha": 5.791401914577538,
    "reg_lambda": 5.1256187931983455
  }
}