record_id,tweet_id,categoria,author_seen_in_fit_train,author_seen_in_development,y_true,y_pred,y_proba
fnxptbr-0082,1426258912022519809,economia,False,False,0,0,0.2555611696471374
fnxptbr-0314,1724863514659922379,economia,False,False,0,0,0.3097100939528541
fnxptbr-0316,1724863511551979794,economia,False,False,0,1,0.7406885771487185
fnxptbr-0317,1724162209255719129,economia,True,True,0,1,0.6598111282289435
fnxptbr-0412,1304078489792937984,economia,True,True,1,0,0.2305719450923269
fnxptbr-0644,1815409000378204440,economia,True,True,1,1,0.911181926604792
fnxptbr-0646,1813991601016115384,economia,False,False,1,1,0.6490716335495346
fnxptbr-0647,1806353224175149105,economia,True,True,1,0,0.3260446691860683
