record_id,tweet_id,categoria,author_seen_in_fit_train,author_seen_in_development,y_true,y_pred,y_proba
fnxptbr-0082,1426258912022519809,economia,False,False,0,0,0.2104587102410901
fnxptbr-0314,1724863514659922379,economia,False,False,0,1,0.6282361432861917
fnxptbr-0316,1724863511551979794,economia,False,False,0,0,0.4459153331682429
fnxptbr-0317,1724162209255719129,economia,True,True,0,1,0.5976244649525916
fnxptbr-0412,1304078489792937984,economia,True,True,1,1,0.6548132133888632
fnxptbr-0644,1815409000378204440,economia,True,True,1,1,0.6786627013848562
fnxptbr-0646,1813991601016115384,economia,False,False,1,0,0.3852477290576322
fnxptbr-0647,1806353224175149105,economia,True,True,1,1,0.542634249147458
