record_id,tweet_id,categoria,author_seen_in_fit_train,author_seen_in_development,y_true,y_pred,y_proba
fnxptbr-0082,1426258912022519809,economia,False,False,0,0,0.2563050855532072
fnxptbr-0314,1724863514659922379,economia,False,False,0,0,0.2550623967115082
fnxptbr-0316,1724863511551979794,economia,False,False,0,0,0.2486793271390122
fnxptbr-0317,1724162209255719129,economia,True,True,0,0,0.2485992401505956
fnxptbr-0412,1304078489792937984,economia,True,True,1,0,0.2297675289541921
fnxptbr-0644,1815409000378204440,economia,True,True,1,0,0.1678252527909614
fnxptbr-0646,1813991601016115384,economia,False,False,1,0,0.245982636460725
fnxptbr-0647,1806353224175149105,economia,True,True,1,0,0.2572551671240298
