record_id,tweet_id,categoria,author_seen_in_fit_train,author_seen_in_development,y_true,y_pred,y_proba
fnxptbr-0071,1287767047863242752,celebridades,False,False,0,0,0.1206682577996017
fnxptbr-0100,1317302038280228865,celebridades,False,False,0,0,0.0391384547362251
fnxptbr-0244,1685837734735126528,celebridades,False,False,0,0,0.3661382703984261
fnxptbr-0268,1717940800665891173,celebridades,False,False,0,0,0.1087649635388291
fnxptbr-0401,1283434095305986048,celebridades,False,False,1,0,0.2014495533777641
fnxptbr-0430,1332658885925212163,celebridades,False,False,1,1,0.9466889289509104
fnxptbr-0574,1695189088066781387,celebridades,True,True,1,1,0.8353131732216683
fnxptbr-0598,1719104783980654766,celebridades,False,False,1,0,0.2781130581302288
